{
  "version": 1,
  "author": "Anonymous maker",
  "editor": "wokwi",
  "parts": [
    { "type": "wokwi-arduino-uno", "id": "uno", "top": 470.27, "left": -219.23, "attrs": {} },
    {
      "type": "wokwi-led",
      "id": "led1",
      "top": 483.14,
      "left": -541.02,
      "attrs": { "color": "red" }
    },
    {
      "type": "wokwi-led",
      "id": "led2",
      "top": 259.73,
      "left": -499.67,
      "attrs": { "color": "yellow" }
    },
    {
      "type": "wokwi-stepper-motor",
      "id": "stepper2",
      "top": 26.39,
      "left": 18.7,
      "attrs": { "size": "17" }
    },
    {
      "type": "wokwi-a4988",
      "id": "drv2",
      "top": 329.91,
      "left": -76.53,
      "rotate": 270,
      "attrs": {}
    },
    {
      "type": "wokwi-pushbutton",
      "id": "btn1",
      "top": 366.93,
      "left": -364.21,
      "attrs": { "color": "green" }
    },
    {
      "type": "wokwi-resistor",
      "id": "r2",
      "top": 303.27,
      "left": -373.56,
      "attrs": { "value": "1000" }
    },
    {
      "type": "wokwi-resistor",
      "id": "r1",
      "top": 617.43,
      "left": -505.74,
      "attrs": { "value": "1000" }
    }
  ],
  "connections": [
    [ "stepper2:A-", "drv2:2B", "green", [ "v64.44", "h-148.38", "v74.64" ] ],
    [ "stepper2:A+", "drv2:2A", "green", [ "v81.2", "h-149.6", "v-1.4" ] ],
    [ "stepper2:B+", "drv2:1A", "green", [ "v100.75", "h-150.82", "v-1.4" ] ],
    [ "stepper2:B-", "drv2:1B", "green", [ "v116.11", "h-11.02" ] ],
    [ "btn1:2.r", "uno:12", "gold", [ "h27.11", "v50.83", "h186.97" ] ],
    [ "btn1:1.l", "uno:GND.1", "black", [ "h-11.32", "v-27.44", "h153.7", "v111.38", "h120.29" ] ],
    [ "drv2:GND.1", "uno:GND.2", "black", [ "h118.36", "v347.31", "h-139.88" ] ],
    [ "drv2:VDD", "uno:5V", "orange", [ "v-14.45", "h144.84", "v378.64", "h-191.33" ] ],
    [ "uno:13", "drv2:STEP", "magenta", [ "v-57.2", "h67.82", "v-29.96" ] ],
    [ "led2:C", "uno:GND.1", "black", [ "v161.66", "h379.84" ] ],
    [ "led2:A", "r2:1", "green", [ "v0" ] ],
    [ "r2:2", "uno:11", "green", [ "v0.74", "h179.28", "v121.65", "h59.39" ] ],
    [ "led1:C", "uno:GND.1", "black", [ "v30.2", "h-25.16", "v-93.87", "h392.71" ] ],
    [ "led1:A", "r1:1", "violet", [ "v0" ] ],
    [ "r1:2", "uno:7", "violet", [ "h11.66", "v-90.25", "h405.05" ] ],
    [ "drv2:RESET", "drv2:SLEEP", "green", [ "v17.7", "h7.77" ] ],
    [ "drv2:DIR", "uno:10", "green", [ "v47.88", "h-17.85" ] ]
  ]
}